branch_id,first_name,last_name,email,phone,gender
1,Eloise,Konopelski,wledner@example.com,1-386-341-0065,M
2,Ashton,Erdman,myra.jerde@example.net,+1-469-804-8849,M
2,Kamren,Bergnaum,imani.tremblay@example.com,+1.731.529.4241,M
1,Zachariah,Goyette,telly.durgan@example.org,1-901-979-1009,F
1,Brooke,Rath,kayli.pfannerstill@example.org,+1 (559) 363-5055,F
2,Juvenal,Feest,garret.herzog@example.org,13195920109,F
2,Maya,Doyle,katarina60@example.org,313-528-7201,F
2,Laney,Weissnat,dickens.serenity@example.net,1-731-849-1740,F
2,Jarrod,Fritsch,harber.grady@example.com,218-695-3385,M
1,Bret,Jacobson,albert15@example.com,+1.440.635.6468,F
1,Simeon,Robel,bartoletti.hazle@example.org,713.473.1067,F
1,Anna,Huels,theron.howell@example.net,858.402.5779,M
2,Xavier,Ward,marjorie64@example.net,1-934-295-1413,M
2,Chyna,Kovacek,trey02@example.net,+1-234-260-7689,M
2,Dorris,Yundt,jacynthe50@example.net,+1 (307) 626-0425,M
1,Florine,Rohan,mfeest@example.com,+1-563-470-2919,M
1,Ansel,O'Reilly,alicia.reichert@example.org,(864) 595-9954,M
1,Lillian,Renner,rosella.sporer@example.org,1-276-206-9060,F
1,Meaghan,Ondricka,adell.kirlin@example.com,484-585-5752,M
1,Rocky,Abbott,jimmie.oconner@example.org,16699825591,M
2,Magali,Sauer,sanford.crystel@example.net,1-463-583-5795,M
1,Tate,Boyle,leland11@example.com,+1.864.208.8422,F
2,Dagmar,Weissnat,clotilde45@example.com,1-727-269-2429,M
2,Melissa,Durgan,seth.wisoky@example.org,1-228-591-6138,M
1,Elsie,Bogan,ejacobson@example.com,567.288.4398,F
2,Rasheed,Walsh,kuphal.carolyn@example.net,+1-667-904-2005,M
1,Alessandra,Hyatt,langosh.neal@example.com,228.650.6049,F
1,Nettie,Parisian,edwin.schaden@example.org,857-738-9407,F
1,Alysson,Aufderhar,harry81@example.org,1-832-278-5643,F
2,Mohammed,Moen,evert.beahan@example.com,1-308-325-0616,M
2,Orin,Schumm,cathryn18@example.net,+1.808.828.4378,M
2,Chester,Simonis,schumm.clyde@example.org,+1-727-806-7181,F
1,Brown,Fay,agnes33@example.org,530-664-3774,M
2,Mustafa,Gottlieb,frederik11@example.com,+1-424-783-2093,F
2,Maurine,Witting,mustafa.langosh@example.net,+1 (440) 440-5136,F
2,Genoveva,McGlynn,conn.olga@example.com,(954) 597-8174,F
2,Ramona,Waters,emelia.heidenreich@example.com,1-361-728-0048,F
1,Kristofer,Wyman,bernhard.larissa@example.com,+1.469.776.4545,M
2,Mollie,Hackett,fred88@example.net,1-941-464-6116,F
1,Chance,Fadel,emmalee41@example.net,+1-267-451-8727,F
1,Bret,Murray,mraz.mervin@example.net,(815) 282-6096,F
1,Janelle,Predovic,betsy87@example.net,14425122364,F
1,Cecil,Torphy,hazel.klein@example.org,+1.731.396.1752,M
2,Roslyn,Cremin,nwest@example.net,973-380-9328,M
2,Orland,Roob,ruby34@example.net,270-451-4905,F
1,Ethan,Borer,pearlie00@example.org,820.256.5194,F
2,Ward,Herzog,alfredo42@example.com,(940) 745-1692,F
2,Holden,Stehr,willow99@example.net,(540) 513-2305,M
1,Muriel,Emmerich,rosemarie.beier@example.org,(806) 876-4772,F
1,Carlee,Cruickshank,qbreitenberg@example.org,(678) 596-1209,M
2,Teagan,Baumbach,kristin.daniel@example.net,+1-320-615-3324,F
2,Jermaine,Reynolds,lionel.jones@example.net,732.276.1522,M
2,Jordan,Witting,rogelio23@example.net,218.427.7788,F
2,Name,Wilkinson,xconn@example.net,+1.909.214.9097,F
2,Julia,Labadie,ajacobs@example.org,(813) 281-2903,F
2,Ofelia,Hartmann,hbode@example.net,+1-816-721-1728,M
2,Saul,Jacobs,mohammad.torp@example.com,18285163041,F
1,Lula,Cummings,jamel90@example.com,667.769.4095,F
2,Ezra,Howe,adams.roberta@example.com,574.206.8941,M
2,Cristopher,Mann,abahringer@example.org,1-859-978-3837,M
1,Abraham,Kihn,jackeline44@example.com,725-852-0703,M
2,Ladarius,Pouros,ljones@example.com,1-828-668-9236,F
2,Mackenzie,Goodwin,buddy95@example.net,801-670-2496,M
1,Eriberto,McClure,donnelly.jacey@example.org,+1-320-898-7802,M
2,Michel,Adams,roob.crystal@example.com,13185214262,F
1,Bulah,Okuneva,connelly.john@example.org,+1.878.768.8231,F
1,Loma,Kling,dickens.delphia@example.org,+1.731.298.0804,M
2,Alan,Greenfelder,stoltenberg.adah@example.com,18548496526,M
2,Adell,Swaniawski,qleffler@example.net,(283) 618-5249,M
1,Alf,Connelly,gcrona@example.com,336.888.3746,M
2,Elaina,Hartmann,gene15@example.net,+1-620-771-0454,M
2,Jamir,Kshlerin,arvilla94@example.org,726-785-1417,F
2,Ludie,Dietrich,sgislason@example.org,765-517-4197,F
2,Webster,Tillman,sporer.maynard@example.com,+1-805-689-5582,M
1,Benny,O'Kon,schamberger.marlene@example.org,818-649-7469,M
2,Ronaldo,Kerluke,skiles.urban@example.net,380-909-5033,M
1,Vivian,Ondricka,jokon@example.net,1-765-881-2910,F
2,Allison,White,arnaldo.turcotte@example.net,478.415.4545,F
1,Maynard,Erdman,andy.pollich@example.com,(415) 708-2647,F
1,Lucio,Hermiston,salma69@example.com,315.484.4111,M
1,Jedidiah,Kihn,vdach@example.com,(559) 632-5988,F
1,Tyrell,Schulist,egibson@example.net,+1-539-634-7077,F
1,Augustine,Morar,dianna.will@example.com,(425) 261-2420,M
2,Tanner,Cassin,landen.larson@example.net,+1.920.833.9433,M
1,Branson,Nader,vella.johnston@example.com,+1-812-490-2482,F
1,Emmanuel,Conn,sschroeder@example.org,1-463-598-4212,F
2,Otto,Mann,yconnelly@example.org,+1 (830) 962-9912,F
2,Jo,Emmerich,feest.alia@example.com,17167598792,M
2,Wendell,Champlin,norbert12@example.org,(361) 790-2735,F
1,Eudora,Zieme,rkuhn@example.com,623-792-1389,F
2,Micah,McClure,zachariah91@example.org,(463) 891-3575,F
1,Lukas,Kovacek,abshire.leta@example.net,1-920-431-2467,F
2,Simeon,Lemke,carolyne32@example.org,320.401.1289,M
2,Thelma,McDermott,lorine36@example.net,1-608-787-8267,F
2,Idella,Mosciski,bdooley@example.net,318-664-8494,F
1,Kaitlin,Schinner,aaliyah83@example.org,+1.605.258.4470,F
1,Blaise,Moen,leonardo03@example.net,952.767.8147,F
2,Elna,Dibbert,senger.efren@example.net,1-361-464-1399,M
1,Lessie,Labadie,dernser@example.org,765-418-2440,F
2,Travis,Watsica,kirlin.jameson@example.net,+1-606-660-3698,M
2,Diana,Batz,chasity63@example.org,(307) 928-4670,M
1,Kayleigh,Brown,lynch.lucy@example.com,657.465.1461,F
2,Garfield,Moore,beer.conor@example.org,352.312.9048,F
2,Ruby,Mraz,zjohnson@example.org,+1-770-228-6029,F
1,Delta,Hyatt,weimann.loyce@example.com,469-617-6939,M
1,Luis,Von,runte.christop@example.com,1-520-653-8092,F
2,Haley,Weissnat,vlittel@example.org,1-239-382-4417,M
1,Garfield,White,oliver.stiedemann@example.com,952.701.8059,F
2,Jean,Abbott,jaquan75@example.net,1-859-670-0831,F
2,Cary,Cole,fdare@example.com,+1-229-931-5703,F
2,Bridget,McLaughlin,lera31@example.com,+1-858-747-5406,F
1,Cheyenne,Schoen,mmccullough@example.net,1-530-877-5862,M
2,Selena,Herman,marianne36@example.net,+1-463-214-5974,F
2,Remington,Lynch,dillan76@example.com,14236857851,M
1,Julia,Collins,tiana.beahan@example.net,212-302-4518,M
2,Nora,Wehner,sienna06@example.org,(813) 478-5672,F
2,Jovany,Little,plangosh@example.com,+1.913.313.4411,F
1,Evans,Jacobson,emma34@example.org,(586) 380-1883,M
2,Kameron,Carroll,zabbott@example.org,(724) 991-8151,F
1,Matilda,Gleason,cassandre10@example.org,1-508-583-3284,M
1,Fleta,Wyman,viva.lowe@example.com,283.745.8278,F
1,Allie,Metz,bartoletti.cassidy@example.net,+1.848.980.7177,M
1,Luna,Hettinger,braun.cassie@example.com,341-208-2116,M
2,Briana,Kemmer,grace.herman@example.com,760-615-5906,M
1,Aditya,Mayer,uquitzon@example.com,+1-763-933-6066,M
2,Courtney,Goldner,nathanael76@example.org,(612) 997-7974,F
2,Modesta,Rohan,vladimir33@example.net,541.634.2915,F
2,Corbin,Ondricka,xglover@example.com,1-220-363-4673,F
2,Hardy,Senger,stroman.enola@example.org,463.332.1642,F
1,Filomena,Stark,vkerluke@example.com,(754) 477-8392,M
2,Lora,Stanton,palma.hill@example.org,17407011016,F
1,Ashlee,Smith,rolfson.bernardo@example.com,+1 (626) 597-0913,F
1,Connie,Bernier,natalie41@example.net,603-858-0568,M
1,Humberto,Pfannerstill,myrtice.toy@example.net,781.337.3534,M
1,Floyd,Lowe,katelynn.ritchie@example.com,(315) 204-4073,F
1,Lucile,Herzog,lind.khalid@example.org,+1 (978) 560-3669,F
2,Kaylee,Jones,frippin@example.com,504.376.8007,M
1,Kelvin,Carroll,qleuschke@example.com,+1-240-368-4047,M
1,Ned,Farrell,christiana.schuster@example.com,731.963.1079,M
2,Mac,Barrows,boyer.evan@example.net,+1-445-876-0377,F
1,Joshuah,Walker,imedhurst@example.net,1-714-401-2316,M
2,Janessa,Kozey,ykoepp@example.net,423-487-6982,M
1,Kenneth,Rath,darrion69@example.com,+1.856.350.0513,M
1,Nyah,Corkery,nadia59@example.com,702.875.8893,M
1,Clarissa,O'Reilly,chelsie41@example.net,531.553.9454,F
1,Davin,Green,alana.daugherty@example.com,+1-949-735-5137,M
2,Enrico,Daugherty,alford.fadel@example.net,272.828.9275,F
2,Assunta,Runolfsdottir,stephon.leffler@example.net,15677852232,M
2,Westley,Renner,ashley97@example.org,+1.779.789.1433,F
1,Adolphus,Weissnat,jpowlowski@example.org,878-875-1779,M
1,Katlynn,McKenzie,hermann43@example.com,+1-435-971-5217,M
2,Kian,Von,elwyn61@example.com,612.658.7019,M
1,Baron,Robel,fhill@example.net,15023004518,F
1,Jairo,Rippin,leora.smith@example.net,+1-256-627-5404,M
1,Adolf,Volkman,arvel65@example.net,(321) 960-5539,F
1,Shania,Wiegand,mdach@example.net,+1-385-508-0507,M
1,Delbert,Kuhn,pgutmann@example.net,260.496.2575,F
1,Willie,Franecki,cbauch@example.org,+1-352-647-3310,M
1,Naomi,Koelpin,bergstrom.arno@example.org,1-478-744-5575,F
1,Orpha,Nicolas,enoch.hand@example.net,636.483.0545,F
1,Jed,Smith,hand.antonietta@example.org,+1 (601) 322-4915,F
2,Nathanial,Strosin,keeley.lakin@example.net,+1-559-713-4906,M
1,Johann,Kozey,botsford.alivia@example.com,(219) 647-8782,M
1,Filomena,Koch,lindsey11@example.com,(469) 529-8130,M
2,Beverly,Hane,ewisozk@example.net,1-534-219-5021,F
1,Osvaldo,Goldner,theron.wisozk@example.com,+1.575.285.1733,M
2,Augustine,Jakubowski,naomi38@example.org,480.918.8692,F
1,Ara,Turner,hand.rae@example.org,1-470-490-6913,M
1,Gracie,Kemmer,lilly18@example.org,+1-434-320-6891,M
2,Johnnie,King,ransom65@example.com,786.281.4451,M
1,Estrella,Rosenbaum,royal79@example.com,19415451293,M
1,Mia,Abshire,maegan83@example.org,+1.757.435.6382,M
2,Hans,O'Kon,legros.destiney@example.net,341.290.2404,M
2,Blake,Murphy,rutherford.shaun@example.com,364.626.6012,F
1,Lisandro,Reinger,crooks.rollin@example.com,+1-872-921-9002,M
2,Deondre,Dach,qmedhurst@example.org,(256) 756-4439,M
1,Margret,Bashirian,vdamore@example.com,361-642-4389,M
1,Emmet,Schaden,hauck.willow@example.org,12839932824,M
1,Domenick,Frami,elisa.bode@example.com,678.264.1498,M
2,Marilie,Wolf,itzel.strosin@example.com,+1-203-220-1585,M
2,Alda,Price,doris28@example.net,650-308-2124,F
2,Heather,Wehner,toby.parker@example.net,1-785-360-2190,M
2,Frederique,Leffler,ptromp@example.com,(734) 210-8684,M
2,Nella,Pouros,orn.vern@example.com,571-235-0442,M
1,Omari,Parker,virginie67@example.com,220-535-1876,F
1,Alyce,Dickinson,pmaggio@example.com,+1.534.735.4320,F
1,Ansley,Upton,pgrimes@example.org,(319) 355-6498,M
1,Arianna,Walker,hickle.jazmyn@example.com,580.885.1478,F
1,Brendon,Harvey,vlarson@example.org,(484) 327-1850,M
2,Vladimir,Johnston,lukas08@example.org,657.562.3327,F
1,Jevon,Turner,tressa.corkery@example.net,1-989-591-3422,F
2,Camylle,Morissette,bradly89@example.com,361-254-8111,M
2,Eino,Ryan,irma46@example.org,480-635-3211,F
1,Tyrique,Gusikowski,titus.mckenzie@example.net,(321) 974-7675,F
2,Lamar,Veum,shanelle.feest@example.com,1-607-309-3982,F
1,Savanna,White,gaylord.melisa@example.net,1-361-439-3707,F
1,Reed,Feil,weissnat.reta@example.com,13364333911,M
2,Karl,Reynolds,tromp.aaron@example.com,443-399-5662,M
1,Mylene,Collins,will.joanny@example.net,+1-769-788-9515,F
2,Theresa,Hackett,feest.forest@example.org,+1.920.640.6373,M
1,Eliza,Adams,kamron92@example.com,+1-628-924-2254,M
2,Emelia,Farrell,jenkins.zion@example.org,1-936-553-3448,M
1,Shyann,Larkin,devyn.romaguera@example.net,+1-407-442-6842,F
2,Lee,Buckridge,courtney.turcotte@example.com,+1-938-553-1471,F
1,Lucie,Howe,justen22@example.com,737.773.8269,F
1,Laila,Herman,jakayla93@example.com,1-561-924-1727,F
1,Cheyanne,Abbott,owuckert@example.org,(561) 724-0740,F
1,Zane,Goyette,rice.melvina@example.org,484.541.9368,M
2,Davin,Roberts,igerlach@example.org,606-424-1327,F
2,Ayana,Pouros,daniel.art@example.com,912-598-8367,F
2,Clyde,Ritchie,willa32@example.com,410-366-9520,M
2,Christ,Tillman,madison43@example.org,+1.831.221.2363,M
1,Syble,Willms,lmurphy@example.com,(352) 276-8666,F
2,Rowan,Crooks,rubye70@example.net,+1-925-490-0553,M
1,Sunny,Walsh,emilio.conn@example.com,1-786-626-8860,F
2,Elsa,Harris,alize96@example.com,13647927817,F
1,Dewitt,Wilkinson,micheal04@example.org,320-735-3230,M
1,Hipolito,Jaskolski,kennedy55@example.com,+1-458-208-3925,M
1,Sarai,Kunde,bradley53@example.net,16782632509,F
1,Delilah,Ernser,okeefe.duncan@example.org,575-720-8125,M
1,Betty,Buckridge,rolfson.adell@example.org,(734) 405-2186,M
2,Alyson,Conn,lhomenick@example.com,(865) 520-0626,M
1,Kristian,Howell,raoul65@example.org,12515108512,M
1,Dominic,Olson,bailee55@example.net,(952) 971-3322,F
1,Chloe,Schimmel,walter.coby@example.com,12623697278,F
2,Delilah,Pagac,frau@example.net,(602) 425-9825,F
1,Fredy,Bradtke,kris.yasmeen@example.net,(757) 591-6877,M
2,Georgiana,Durgan,leslie.yost@example.org,760.420.8925,M
2,Lexi,Little,kole.reichel@example.org,570.243.7335,F
2,Gerald,Hartmann,khayes@example.net,19857658732,F
2,Ivory,Feest,qemard@example.com,13462810925,M
1,Rosalee,Bahringer,brennan82@example.net,16518520959,F
1,Wilmer,Lockman,igoldner@example.com,+1.913.342.1692,M
2,Aletha,Botsford,maryse.dicki@example.org,17434453105,F
2,Lyric,Price,nhintz@example.com,+1-689-210-3287,M
2,Chet,Schuppe,srunolfsdottir@example.com,1-831-627-4540,F
1,Kolby,Gutkowski,kerluke.henry@example.net,701-294-9533,M
2,Connor,Osinski,vmccullough@example.org,270.639.1208,M
2,Johanna,Monahan,lulu51@example.org,503-554-3742,M
1,Vivienne,Quigley,dexter.dicki@example.org,+1.909.325.6795,M
1,Percival,Koch,mackenzie.nienow@example.com,+1-940-840-7006,F
2,Zechariah,Hill,sophia52@example.net,270.670.4801,F
2,Jorge,Kub,gdubuque@example.org,(657) 327-5672,M
1,Lilyan,Howe,lou83@example.com,386-719-7410,F
1,Mia,McClure,lemuel86@example.net,17127997066,M
1,Rigoberto,Spencer,brielle90@example.net,661-497-7396,M
1,Jocelyn,Collins,teagan25@example.com,+1-586-572-7929,M
2,Magali,Zulauf,shad.gibson@example.org,1-551-902-3701,F
2,Amaya,O'Conner,elvera96@example.net,810.622.2517,M
2,Corrine,Morissette,velda.kshlerin@example.com,+1-620-247-9031,F
2,Roselyn,Halvorson,lturner@example.org,+1.636.380.1328,F
1,Arnoldo,Yundt,morissette.rocio@example.org,612-435-9135,M
2,Cleo,Johns,fzulauf@example.org,1-716-606-8192,M
1,Gerald,Stark,mona.greenholt@example.net,1-607-791-9332,M
2,Suzanne,Zboncak,imacejkovic@example.net,740-543-3907,F
2,Emile,Gislason,mwisoky@example.org,+1-520-395-0872,F
1,Sabina,Parisian,jeffry.robel@example.com,(629) 698-3175,F
2,Abbigail,Mosciski,zola86@example.com,+1 (279) 819-5235,F
1,Dillon,Spinka,koch.adan@example.net,+1-337-782-7944,M
2,Chesley,Koch,mcglynn.emmie@example.net,1-938-433-0292,F
2,Viola,Lubowitz,jacobson.manuela@example.org,1-303-619-6938,M
2,Cecilia,Wisozk,pkertzmann@example.org,+1-847-525-5932,M
1,Kenny,D'Amore,wjenkins@example.org,+1.828.279.5838,M
2,Quinton,Morissette,barton89@example.org,657-483-6072,M
1,Theresia,Jones,kuvalis.berneice@example.com,1-818-832-7003,F
2,Glen,Koch,ckoelpin@example.org,630-627-0446,M
2,Kylie,McLaughlin,annetta.moore@example.net,12402723332,M
2,Laverna,Quigley,heloise14@example.com,(240) 576-3935,M
1,Lonny,Smitham,audie.gleason@example.com,216.544.4393,F
1,Madeline,Kunze,rey75@example.com,+1-770-486-3346,F
1,Noemi,Steuber,adrienne68@example.com,678.853.6676,M
1,Nathen,Glover,zrath@example.net,+1.281.603.6123,F
2,Helen,Christiansen,connie16@example.org,843.907.5578,F
2,Rosalee,Gaylord,sziemann@example.org,+1-731-456-6533,F
2,Rasheed,Cronin,oceane10@example.com,845-552-9874,M
2,Raheem,Lubowitz,leanne.boyle@example.net,1-484-629-7654,M
1,Buford,Bernier,swift.willow@example.com,458.347.0782,M
1,Keanu,Carroll,corwin.austen@example.net,563.876.2317,M
1,Ella,Hartmann,desmond52@example.net,1-808-513-9677,F
1,Jocelyn,Marquardt,judy16@example.org,+1-302-762-3122,M
1,Zion,Hansen,frederique.botsford@example.net,+1-510-929-4505,M
1,Santina,Bergstrom,kaylee.veum@example.org,806-738-6093,F
1,Otilia,Toy,mellie.heathcote@example.org,+1 (571) 875-2163,F
2,Dorothy,Jacobi,desiree.turcotte@example.org,+1-417-544-6671,M
2,Shirley,Murray,friesen.grace@example.org,+1 (931) 803-4911,M
1,Shanel,Russel,rocio49@example.org,341.420.1596,F
1,Freeda,Douglas,nconroy@example.org,256-827-5669,F
2,Dasia,Will,dorn@example.net,+1.564.339.6665,F
2,Kaci,Conn,corene.feil@example.org,828-991-2307,M
2,Maida,Homenick,sonny.marks@example.org,18042616986,M
2,Wilber,Langosh,crona.chester@example.org,+1 (484) 688-8000,F
1,Brice,Schumm,lauren36@example.net,+1-385-330-5564,F
2,Morris,Prohaska,dkulas@example.org,1-785-491-7064,M
2,Geovanny,Dietrich,justice.hilpert@example.com,513.272.1771,M
1,Kara,Bode,dstamm@example.net,+1 (380) 406-6509,F
1,Gia,Schaden,estel72@example.org,(843) 583-1447,M
2,Hettie,Moore,brooklyn.batz@example.com,380.524.6082,M
2,Alisa,Kemmer,hyman42@example.org,+1-380-938-1495,M
1,Peggie,Nicolas,brett.wolf@example.org,828.917.3291,F
1,Flavie,Doyle,rogelio51@example.com,1-762-514-1184,M
2,Kacie,Jast,npowlowski@example.org,803.640.2141,F
1,Emmy,Dietrich,tyreek76@example.com,678.786.9558,M
1,Ransom,Nitzsche,rmurray@example.net,18578631027,F
2,Elwin,Labadie,loyal.bashirian@example.org,1-980-610-5114,F
1,Arnulfo,Bartoletti,favian15@example.org,(252) 267-1642,F
2,Delta,Oberbrunner,ghermann@example.org,18324472196,M
2,Ebba,Heaney,jaskolski.jose@example.com,+1.269.390.0577,F
1,Vincenza,Wiegand,opal.carter@example.com,1-872-917-8138,F
2,Maymie,Berge,stacey.cremin@example.org,+1-337-623-6631,F
2,Cali,Langworth,cmacejkovic@example.com,13174908620,F
1,Lorena,Wiza,ohara.violette@example.org,1-680-451-8785,M
1,Gonzalo,Armstrong,lincoln.zemlak@example.org,856-308-2617,M
1,Blair,Batz,maida51@example.org,(636) 549-6399,M
2,Ines,Brekke,christa.waters@example.com,+1.515.214.6053,M
2,Dejon,Dach,elias70@example.org,+1-248-265-1104,F
1,Amelia,Boehm,wilfrid92@example.org,19285291423,F
2,Buck,Welch,sadye26@example.net,(812) 576-0741,M
1,Cody,Wilderman,jeramie.ward@example.com,785-338-5820,F
2,Zack,Fadel,reichert.augusta@example.net,801-354-5594,F
2,Yasmeen,Pagac,donnelly.ramiro@example.net,650-498-5948,M
2,Micah,Tremblay,elizabeth47@example.com,601.990.4383,M
2,Delfina,Hills,jsipes@example.com,+1 (640) 436-4460,F
1,Mac,Strosin,ortiz.jude@example.net,(702) 566-5272,M
1,Scotty,Waters,acollier@example.org,743-948-1740,F
1,Britney,Gleason,yprosacco@example.net,(202) 372-7958,M
1,Jerald,Ortiz,rhauck@example.org,479.575.4958,M
1,Cole,Koch,swehner@example.com,858-486-3171,M
2,Columbus,Rohan,cameron.stamm@example.com,714-931-6903,F
1,Julia,Barton,kozey.jacynthe@example.net,17314049285,M
1,Tia,Davis,lkihn@example.com,1-689-525-1571,F
1,Brigitte,Skiles,howe.coleman@example.org,+1-248-346-0976,M
1,Lauren,Considine,muller.esta@example.net,(774) 615-7394,F
1,Dell,Kub,crowe@example.com,+1-949-972-7475,M
2,Austin,Breitenberg,rlesch@example.net,+1 (478) 955-4371,M
1,Madalyn,Okuneva,micheal97@example.net,620.256.1608,M
1,Samson,Kuhic,ramiro.parker@example.com,+1 (505) 623-5339,M
1,Shanel,Weber,debert@example.com,19412436865,M
2,Joel,Howell,reilly.luis@example.org,1-469-433-3338,M
1,Serenity,Conroy,emmanuelle.mccullough@example.org,(949) 469-6424,M
2,Roxane,Kassulke,leonard.cole@example.net,(458) 253-1095,M
1,Kenyatta,Leannon,corine.jenkins@example.org,+1-856-450-4053,M
1,Angelita,Kemmer,tess94@example.org,775.243.9570,M
1,Amber,Padberg,daugherty.bennie@example.com,478.972.4396,M
2,Abner,Kuhlman,forrest52@example.org,1-573-247-1541,M
1,Esta,Lubowitz,destiny.gleichner@example.com,458.650.3101,F
1,Bette,Ankunding,esperanza00@example.com,1-779-395-7057,M
2,Laverne,Lang,badams@example.com,1-347-219-1421,M
2,Alverta,Maggio,ukovacek@example.net,(681) 735-1870,M
1,Cornelius,Gleichner,phamill@example.net,641.745.5211,M
1,Cassandre,Reichert,yundt.shawna@example.net,+1-443-350-6251,F
1,Taryn,Farrell,noemi85@example.net,223-959-5787,M
1,Adrien,Jacobs,ztillman@example.net,626.606.8620,M
2,Meredith,Ziemann,equigley@example.net,+1.956.872.2270,M
1,Hassan,Durgan,tmacejkovic@example.org,520.919.4105,F
1,Gayle,Roberts,pcronin@example.com,(217) 867-2247,M
2,Erick,Monahan,grover71@example.com,315.848.6340,M
2,Jadon,Schulist,conn.eugenia@example.org,16075705260,F
1,Tracy,Ratke,elna.wuckert@example.org,(505) 725-7491,F
2,Rebeka,Howell,rozella21@example.org,918-924-2317,M
2,Mollie,Marks,clint.denesik@example.org,931.943.1464,F
2,Donnell,Bruen,kelli.raynor@example.net,(563) 738-6694,M
1,Savanah,Cartwright,dillon.turcotte@example.org,(281) 240-3308,F
2,Pinkie,Hirthe,amiya09@example.org,1-838-737-1716,F
1,Brent,Mertz,gleason.cleta@example.org,14845225678,M
1,Lonzo,Dietrich,haylee17@example.org,(925) 364-3183,M
1,Malika,Ortiz,kassandra81@example.net,+1-814-779-6337,F
1,Theron,Bode,blick.morgan@example.org,+1 (770) 284-9165,F
1,Marcelino,Collins,heidi71@example.net,1-224-656-8024,F
2,Alexzander,Schinner,awindler@example.org,1-938-667-9214,M
2,Tyshawn,Conn,von.alejandra@example.com,1-831-863-8488,M
1,Ofelia,Weimann,gene.mckenzie@example.com,757-259-8392,F
1,Ignatius,Paucek,forest92@example.com,+1-954-317-4846,F
2,Guido,Durgan,windler.brianne@example.net,740.544.8747,F
2,Leonard,Murazik,will.kaitlin@example.net,480-965-5664,F
1,Rosalinda,Murazik,zlakin@example.com,364-918-2179,M
2,Ryder,Yost,icruickshank@example.org,+1-779-445-7745,F
2,Birdie,Fay,yquigley@example.com,18455775856,F
2,Houston,Shanahan,nolan.elyssa@example.net,15592404629,M
2,Mireya,Hyatt,bjacobi@example.org,14155840211,F
1,Laverne,Heidenreich,margaret.leuschke@example.org,+1 (469) 866-4467,F
2,Fabian,Jaskolski,quigley.kaylin@example.com,212-497-4925,M
2,Eleanore,Torphy,kenya35@example.com,445.986.4344,F
2,Jillian,Volkman,predovic.ericka@example.com,+1-410-724-3846,F
1,Alejandrin,O'Connell,xlemke@example.net,+1.281.407.5431,M
1,Chandler,Douglas,kacey.batz@example.net,762-561-6571,F
1,Vincent,Schiller,mcdermott.adeline@example.org,336-954-1634,F
1,Freda,Hackett,karen.ferry@example.org,872.375.3551,M
2,Hank,Simonis,fhudson@example.net,580-744-1265,F
1,Keshawn,Thompson,adell04@example.net,(772) 313-2729,M
1,Ozella,Casper,klocko.terrance@example.net,505-896-7632,M
2,Emerson,Treutel,eladio.schuster@example.org,678.762.1925,F
1,Johan,Bartoletti,towne.eliane@example.com,(351) 813-4103,M
2,Velva,Jacobi,slind@example.com,+1-325-813-0079,M
1,Maritza,Schowalter,bdurgan@example.net,+1-740-340-1002,F
2,Andrew,Torphy,trenton46@example.com,1-332-766-4652,M
2,Myriam,Bailey,skuhic@example.com,(959) 808-3874,F
1,Edgardo,Bartoletti,justice06@example.net,(820) 815-4080,F
1,Orville,Fadel,alana.pacocha@example.com,(626) 979-1465,F
1,Vivian,Collins,leonor07@example.org,12514865343,M
2,Jeanie,Schulist,stehr.elissa@example.com,1-223-845-4775,M
1,Lorenz,Hand,emilie.tremblay@example.net,15407073571,M
1,Earlene,Jaskolski,willms.markus@example.net,260-697-1070,F
2,Sadye,Kreiger,darrin.dooley@example.org,904-476-5920,F
1,Colin,Stiedemann,spinka.gisselle@example.org,283.515.9552,M
1,Flavie,O'Reilly,parker.lorna@example.com,1-878-820-3487,M
2,Vernie,Hintz,zdurgan@example.net,+1 (970) 938-3141,M
2,Kristian,Murphy,bennett82@example.org,(872) 992-0656,F
1,Justice,Boyle,uerdman@example.net,(737) 635-9902,M
2,Ray,Huel,olson.felix@example.org,843.336.4571,F
1,Aisha,Fahey,ghammes@example.com,1-678-246-3702,F
2,Domenick,Bayer,leonie.prohaska@example.com,+1-925-249-1702,M
1,Ramon,Hermiston,jalon.lang@example.com,+1.747.752.4124,M
1,Ethyl,Fahey,duane.parker@example.org,+1.680.442.7129,F
1,Alisha,Corwin,dgreen@example.org,217.209.7856,M
1,Carissa,Steuber,memard@example.net,478.583.1904,F
1,Erik,Gottlieb,rosa07@example.org,+1.719.601.4461,M
1,Axel,Hickle,rath.ida@example.net,18505612511,M
2,Adrien,Schultz,vivienne27@example.net,+1-228-364-4119,M
1,Jayce,Pfeffer,chesley.dach@example.org,+1-757-525-6474,F
1,Graciela,Friesen,nharvey@example.org,+1 (863) 275-4945,F
1,Green,Gulgowski,cullen52@example.net,510.919.4190,F
1,Orin,Heidenreich,oschiller@example.org,17864298308,M
2,Destiney,Jones,winfield.shanahan@example.com,+1-210-673-7333,F
2,Jan,Heathcote,uaufderhar@example.org,+1-618-972-7912,M
1,Garett,Corkery,upton.sebastian@example.com,763-453-8393,F
2,Nora,O'Conner,nicolas01@example.org,1-479-889-6892,M
2,Eliane,O'Conner,randy58@example.com,+1-424-419-8536,F
1,April,Veum,teresa45@example.org,+1-564-424-9511,F
2,Kendall,Doyle,cody.king@example.com,(260) 819-7999,F
1,Kiana,Koch,isidro.hartmann@example.org,248.803.5694,F
2,Katelin,Bosco,wade53@example.org,1-949-757-1827,F
1,Edgar,Huel,sanford04@example.com,334-657-7240,M
1,Tiffany,VonRueden,olaf.davis@example.org,475-823-6425,F
2,Dwight,Morar,alvah64@example.org,+1-337-253-2828,M
1,Jarrell,Reichert,blaze44@example.net,1-272-503-9794,F
1,Napoleon,Kunde,tyra.torp@example.org,+1-325-325-4874,F
2,Oleta,Sauer,joanne18@example.com,747-322-4014,M
1,Martin,Smith,vprice@example.com,701.619.1998,F
1,Wilmer,Bode,verlie69@example.net,707.953.9255,F
2,Rico,Schamberger,kstreich@example.net,18782819070,M
1,Ford,Ankunding,elbert71@example.com,+1 (458) 837-4475,M
1,Arlie,Sauer,joany39@example.net,862-639-1449,M
1,Lance,Rohan,krempel@example.net,330-887-3358,M
1,Michele,Spencer,ilang@example.com,+1-765-860-4631,F
1,Roderick,Rosenbaum,acassin@example.org,(785) 505-7179,M
1,Leanne,Simonis,marquardt.beryl@example.net,+1 (505) 744-1802,F
1,Arnaldo,McGlynn,kattie.pfeffer@example.com,1-325-653-2055,M
2,Jeanne,Spencer,jefferey97@example.org,330-413-5474,M
2,Katelin,Wiza,nemmerich@example.net,440-738-6136,M
2,Frederic,Mohr,jovan13@example.org,657.595.7690,M
1,Maxine,Kessler,blick.napoleon@example.org,1-347-578-2554,F
1,Verona,Hamill,kozey.edison@example.net,+1-773-237-2256,F
1,Mathias,Jaskolski,jennyfer89@example.com,(480) 288-9604,F
2,Faustino,Sawayn,lexie76@example.com,(520) 643-6933,F
2,Rigoberto,O'Keefe,hwhite@example.org,+1-843-707-2191,M
2,Cathy,Bailey,louisa39@example.net,586.497.5746,F
2,Adella,Schoen,jorge.batz@example.net,+1-534-553-2111,M
2,Britney,Nitzsche,jolie.mosciski@example.org,(781) 935-4768,F
1,Neil,Howell,pheller@example.com,804.762.8970,M
1,Helmer,Volkman,qkuphal@example.com,1-941-851-7270,F
1,Hildegard,Mraz,pamela.murazik@example.net,+1.726.735.7599,F
1,Charlie,Rowe,electa61@example.net,15857294715,M
2,Cathryn,Hammes,dkuphal@example.com,(220) 228-9418,M
2,Cole,Emard,esther.herman@example.net,19703276883,M
1,Leopold,Graham,watsica.maia@example.org,843-547-3959,M
1,Destini,Mills,udaniel@example.net,+1-828-957-8013,M
1,Keith,O'Reilly,mkuhic@example.org,+1-737-979-4644,M
1,Leonardo,Torp,rosalia.skiles@example.org,1-805-878-5598,M
1,Bryana,Simonis,weimann.lorine@example.org,1-507-957-2963,M
1,Ludwig,Gaylord,sbashirian@example.org,+1-620-296-5927,F
1,Maryam,Mayert,mayert.adelia@example.org,+1 (317) 590-6561,M
1,Margarett,Schuster,gbalistreri@example.com,1-309-797-5275,M
1,Freda,Leannon,adan60@example.org,820.692.1543,M
1,Frieda,Feeney,rtreutel@example.org,+1-848-862-6403,M
2,Lenora,Bechtelar,andreanne39@example.org,480.220.4632,F
1,Lucile,Heidenreich,mohr.hardy@example.org,(520) 924-3908,M
1,Alford,Goldner,antonina.miller@example.com,1-907-754-4471,F
2,Narciso,Adams,arlie.toy@example.com,507.670.1889,M
2,Fiona,Connelly,amira.kulas@example.com,+1-541-548-1742,F
2,Merritt,Wilderman,rebeka.veum@example.com,352.416.9956,M
1,Chloe,Sporer,erica80@example.com,+1 (308) 795-9726,M
2,Chaim,Erdman,merlin.prohaska@example.org,15599852662,M
2,Eliane,Schoen,julius.hagenes@example.net,(909) 475-8842,M
2,Brycen,Schneider,sbailey@example.com,(262) 571-6455,F
2,Cortez,Veum,karli08@example.net,1-484-709-6644,F
1,Christian,Kuphal,denis71@example.net,+1.361.800.9828,M
2,Petra,Schuster,esteban.mitchell@example.net,(602) 263-8111,F
2,Natalia,Hessel,hessel.elisa@example.net,817-444-9210,F
2,Kattie,Bayer,travis.reichert@example.com,515.696.6273,M
2,Modesta,Graham,georgette64@example.org,+1.703.397.1038,F
2,Jasper,Towne,alysha32@example.org,320-781-0904,M
2,Alexandre,Bogisich,vincenza92@example.org,+1 (754) 365-6016,M
1,Michel,Wilkinson,thea55@example.net,+1.347.544.6164,F
1,Miguel,Kilback,pmitchell@example.net,(915) 694-9617,F
1,Wanda,Crona,ikertzmann@example.org,1-252-858-2220,F
1,Guido,Maggio,laurel.bailey@example.net,(681) 468-8440,F
2,Sterling,Swift,antonia93@example.net,+1 (405) 217-6972,M
1,Justice,Gleichner,kertzmann.america@example.net,(323) 492-0956,M
2,Patrick,Cormier,davis.tamara@example.org,1-712-340-0621,M
2,Lance,Marvin,iruecker@example.org,15416077180,F
2,Cassie,Gulgowski,karl.watsica@example.com,+1-380-771-4348,M
1,Charity,Huels,fredy40@example.org,726.972.2564,M
1,Sandra,Rowe,kathryne78@example.org,+1-737-465-9575,M
1,Gloria,Kuvalis,jamie11@example.com,+1 (769) 455-3380,M
2,Krystal,Moore,maritza.reinger@example.org,(828) 822-7428,F
2,Adela,Zboncak,lea.ledner@example.com,+1 (505) 874-0058,F
1,Winona,Hessel,estelle.jenkins@example.com,+1-463-954-6036,F
2,Noe,Donnelly,bmorissette@example.com,+1-442-406-9278,M
1,Roberto,Simonis,langosh.christa@example.net,1-432-531-2081,M
2,Sibyl,Stamm,cgreen@example.net,+1-954-851-0638,M
2,Dino,Christiansen,bherman@example.com,224-552-2414,F
1,Amani,Donnelly,lyla.sipes@example.net,1-838-642-1982,F
2,Hattie,O'Keefe,xbarton@example.com,+1-757-370-6524,F
2,David,Willms,pierce36@example.org,+1 (541) 358-4017,M
1,Dimitri,Carroll,salvador31@example.com,1-608-748-0300,M
1,Leila,Rodriguez,fwehner@example.org,283-585-8500,F
2,Rosa,Cummerata,medhurst.norwood@example.org,463-910-3325,M
2,Liliane,Howell,kurtis63@example.net,13514748220,F
1,Tillman,Quitzon,ddouglas@example.com,(815) 402-0665,F
1,Lincoln,Trantow,friesen.adriana@example.org,(361) 488-8852,F
2,Maiya,Rath,meta30@example.org,530.463.3710,M
1,Liliana,Labadie,pchristiansen@example.org,17316605613,F
1,Gerson,West,qbecker@example.com,678.338.1592,M
2,Unique,Volkman,eduardo.murray@example.org,1-781-225-1951,F
2,Melyna,Schneider,gustave.hauck@example.net,1-573-723-9062,M
1,Abdullah,Glover,adell.ankunding@example.com,12604757928,M
1,Nikki,Steuber,xhomenick@example.net,743.289.4437,F
2,Beverly,Borer,ggoodwin@example.com,+1-760-443-8701,F
1,Brice,Schaefer,littel.ladarius@example.com,1-754-420-4265,M
1,Jerry,Grimes,spencer.mason@example.org,(540) 784-9897,M
2,Noelia,Schmeler,ohermann@example.org,1-212-673-2969,M
2,Jerrell,Tromp,zena63@example.com,1-281-684-0293,M
2,Felix,Franecki,violette.cronin@example.net,1-984-782-8915,M
2,Cristal,Ruecker,mable.ryan@example.net,1-808-245-7329,M
2,Isabelle,Price,dorcas26@example.org,(636) 607-8852,F
1,Twila,Kub,elinore76@example.com,870.654.6148,F
1,Coralie,Towne,price@example.net,925.453.3654,F
